date, opening_balance , cash_sale , card_sale , credit_sale , sales , credit_collection , miscellaneous_income , purchase , supplier_payment , expense , withdrawal , bank_deposit , closing_balance 
2023-06-02,0.00,"4,159.25",0.00,0.00,"4,159.25",0.00,0.00,708.00,0.00,0.00,0.00,0.00,"3,451.25"
2023-06-03,"3,451.25","5,611.50",0.00,0.00,"5,611.50",0.00,0.00,"4,330.50",0.00,0.00,0.00,0.00,"4,732.25"
2023-06-04,"4,732.25","5,387.00",0.00,0.00,"5,387.00",0.00,0.00,"3,617.50",0.00,12.00,0.00,0.00,"6,489.75"
2023-06-05,"6,489.75","5,066.00",0.00,0.00,"5,066.00",0.00,0.00,"7,043.25",0.00,212.50,0.00,0.00,"4,300.00"
2023-06-06,"4,300.00","5,391.25",0.00,0.00,"5,391.25",0.00,0.00,"4,819.25",0.00,0.00,0.00,0.00,"4,872.00"
2023-06-07,"4,872.00","6,205.75",0.00,0.00,"6,205.75",0.00,0.00,"2,232.00",0.00,"2,043.00",0.00,0.00,"6,802.75"
2023-06-08,"6,802.75","6,271.75",0.00,0.00,"6,271.75",0.00,0.00,"5,580.00",0.00,"1,200.00",0.00,0.00,"6,294.50"
2023-06-09,"6,294.50","6,702.00",0.00,0.00,"6,702.00",0.00,0.00,"7,810.00",0.00,85.00,0.00,0.00,"5,101.50"
2023-06-10,"5,101.50","6,381.50",733.00,0.00,"7,114.50",0.00,0.00,"6,875.75",0.00,80.00,0.00,0.00,"4,527.25"
2023-06-11,"4,527.25","5,503.00",520.25,0.00,"6,023.25",0.00,0.00,"5,176.00",0.00,0.00,0.00,0.00,"4,854.25"
2023-06-12,"4,854.25","5,317.25",338.00,0.00,"5,655.25",0.00,0.00,"5,617.50",0.00,"1,050.00",0.00,0.00,"3,504.00"
2023-06-13,"3,504.00","6,003.50",393.25,0.00,"6,396.75",0.00,0.00,"5,357.50",0.00,25.00,0.00,0.00,"4,125.00"
2023-06-14,"4,125.00","5,332.25",450.75,0.00,"5,783.00",0.00,0.00,"1,887.25",0.00,25.00,0.00,0.00,"7,545.00"
2023-06-15,"7,545.00","6,860.25",340.25,0.00,"7,200.50",0.00,0.00,"4,047.25",0.00,193.00,0.00,0.00,"10,165.00"
2023-06-16,"10,165.00","6,348.00",518.00,0.00,"6,866.00",0.00,0.00,"4,845.75",0.00,"3,393.00",0.00,0.00,"8,274.25"
2023-06-17,"8,274.25","6,347.00",400.00,0.00,"6,747.00",0.00,0.00,"7,556.25",0.00,"1,225.00",0.00,0.00,"5,840.00"
2023-06-18,"5,840.00","6,413.50",444.75,0.00,"6,858.25",0.00,0.00,"4,922.50",0.00,"1,800.00",0.00,0.00,"5,531.00"
2023-06-19,"5,531.00","5,488.50",352.75,0.00,"5,841.25",0.00,0.00,"4,709.75",0.00,"1,722.00",0.00,0.00,"4,587.75"
2023-06-20,"4,587.75","5,404.00",637.00,0.00,"6,041.00",0.00,0.00,"1,997.25",0.00,49.00,0.00,0.00,"7,945.50"
2023-06-21,"7,945.50","8,961.75",573.25,0.00,"9,535.00",0.00,0.00,"7,390.00",0.00,684.00,0.00,0.00,"8,833.25"
2023-06-22,"8,833.25","6,472.50",630.00,0.00,"7,102.50",0.00,0.00,"4,581.75",0.00,191.00,0.00,0.00,"10,533.00"
2023-06-23,"10,533.00","6,098.75",773.25,0.00,"6,872.00",0.00,0.00,"5,534.00",0.00,"1,546.00",0.00,0.00,"9,551.75"
2023-06-24,"9,551.75","5,526.50",504.50,0.00,"6,031.00",0.00,0.00,"3,837.25",0.00,315.25,0.00,0.00,"10,925.75"
2023-06-25,"10,925.75","6,725.00",794.00,0.00,"7,519.00",0.00,0.00,"6,194.25",0.00,25.00,0.00,0.00,"11,431.50"
2023-06-26,"11,431.50","8,394.75","1,294.25",0.00,"9,689.00",0.00,0.00,"7,349.00",0.00,"1,098.50",0.00,0.00,"11,378.75"
2023-06-27,"11,378.75","16,296.80","1,250.00",0.00,"17,546.80",0.00,0.00,"13,689.00",0.00,"1,693.00",0.00,0.00,"12,293.55"
2023-06-28,"12,293.55","7,531.00",843.75,0.00,"8,374.75",0.00,0.00,"1,660.50",0.00,388.25,0.00,0.00,"17,775.80"
2023-06-29,"17,775.80","6,550.75",492.75,0.00,"7,043.50",0.00,0.00,"3,901.00",0.00,"9,161.00",0.00,0.00,"11,264.55"
2023-06-30,"11,264.55","6,451.00",647.75,0.00,"7,098.75",0.00,0.00,"7,479.25",0.00,25.00,0.00,0.00,"10,211.30"
2023-07-01,"10,211.30","7,185.25",490.00,0.00,"7,675.25",0.00,0.00,"6,564.75",0.00,"2,225.00",0.00,0.00,"8,606.80"
2023-07-02,"8,606.80","6,401.75",716.25,0.00,"7,118.00",0.00,0.00,"4,045.75",0.00,39.00,0.00,0.00,"10,923.80"
2023-07-03,"10,923.80","6,514.50",541.75,0.00,"7,056.25",0.00,0.00,"9,112.00",0.00,71.00,0.00,0.00,"8,255.30"
2023-07-04,"8,255.30","9,324.00",768.50,0.00,"10,092.50",0.00,0.00,"6,283.50",0.00,336.00,0.00,0.00,"10,959.80"
2023-07-05,"10,959.80","5,463.75",642.00,0.00,"6,105.75",0.00,0.00,"7,650.00",0.00,537.00,0.00,0.00,"8,236.55"
2023-07-06,"8,236.55","6,397.25",561.00,0.00,"6,958.25",0.00,0.00,"5,168.75",0.00,0.00,0.00,0.00,"9,465.05"
2023-07-07,"9,465.05","6,564.00",397.00,0.00,"6,961.00",0.00,0.00,"5,412.00",0.00,190.00,0.00,0.00,"10,427.05"
2023-07-08,"10,427.05","5,341.00",474.00,0.00,"5,815.00",0.00,0.00,"6,061.50",0.00,0.00,0.00,0.00,"9,706.55"
2023-07-09,"9,706.55","8,038.25",378.75,0.00,"8,417.00",0.00,0.00,"9,687.25",0.00,"5,372.00","8,000.00",0.00,"10,685.55"
2023-07-10,"10,685.55","5,845.25",564.75,0.00,"6,410.00",0.00,0.00,"6,522.50",0.00,85.00,0.00,0.00,"9,923.30"
2023-07-11,"9,923.30","6,029.50",617.25,0.00,"6,646.75",0.00,0.00,"3,045.00",0.00,28.00,0.00,0.00,"12,879.80"
2023-07-12,"12,879.80","5,062.50",332.00,0.00,"5,394.50",0.00,0.00,"5,152.50",0.00,193.00,0.00,0.00,"12,596.80"
2023-07-13,"12,596.80","8,119.00",516.00,0.00,"8,635.00",0.00,0.00,"5,490.25",0.00,102.00,0.00,0.00,"15,123.55"
2023-07-14,"15,123.55","5,293.75",463.25,0.00,"5,757.00",0.00,0.00,"3,700.00",0.00,35.00,0.00,0.00,"16,682.30"
2023-07-15,"16,682.30","6,132.25",915.00,0.00,"7,047.25",0.00,0.00,"3,476.75",0.00,43.00,0.00,0.00,"19,294.80"
2023-07-16,"19,294.80","5,422.75",707.00,0.00,"6,129.75",0.00,0.00,"6,435.25",0.00,"4,233.00",0.00,0.00,"14,049.30"
2023-07-17,"14,049.30","8,490.75",552.00,0.00,"9,042.75",0.00,0.00,"8,055.50",0.00,50.00,0.00,0.00,"14,434.55"
2023-07-18,"14,434.55","4,967.50",808.50,0.00,"5,776.00",0.00,0.00,"3,192.75",0.00,"5,262.00",0.00,0.00,"10,947.30"
2023-07-19,"10,947.30","5,567.00",484.25,0.00,"6,051.25",0.00,0.00,"2,371.75",0.00,101.00,0.00,0.00,"14,041.55"
2023-07-20,"14,041.55","6,970.50",634.00,0.00,"7,604.50",0.00,0.00,"5,544.50",0.00,365.00,0.00,0.00,"15,102.55"
2023-07-21,"15,102.55","5,180.50",680.25,0.00,"5,860.75",0.00,0.00,"6,243.50",0.00,391.00,0.00,0.00,"13,648.55"
2023-07-22,"13,648.55","7,041.75",384.00,0.00,"7,425.75",0.00,0.00,"4,880.25",0.00,"2,007.00",0.00,0.00,"13,803.05"
2023-07-23,"13,803.05","4,377.50",664.50,0.00,"5,042.00",0.00,0.00,"3,293.00",0.00,115.00,0.00,0.00,"14,772.55"
2023-07-24,"14,772.55","5,831.00",712.00,0.00,"6,543.00",0.00,0.00,"4,675.75",0.00,49.00,0.00,0.00,"15,878.80"
2023-07-25,"15,878.80","5,755.50",606.00,0.00,"6,361.50",0.00,0.00,"5,599.75",0.00,213.00,0.00,0.00,"15,821.55"
2023-07-26,"15,821.55","7,202.75",502.75,0.00,"7,705.50",0.00,0.00,"5,132.75",0.00,48.00,0.00,0.00,"17,843.55"
2023-07-27,"17,843.55","6,119.75",958.75,0.00,"7,078.50",0.00,0.00,"6,491.75",0.00,60.00,0.00,0.00,"17,411.55"
2023-07-28,"17,411.55","5,781.00",675.25,0.00,"6,456.25",0.00,0.00,"3,906.25",0.00,85.00,0.00,0.00,"19,201.30"
2023-07-29,"19,201.30","5,931.00",866.50,0.00,"6,797.50",0.00,0.00,"7,201.00",0.00,199.00,0.00,0.00,"17,732.30"
2023-07-30,"17,732.30","5,660.75",783.00,0.00,"6,443.75",0.00,0.00,"3,493.50",0.00,491.00,0.00,0.00,"19,408.55"
2023-07-31,"19,408.55","6,241.75",551.00,0.00,"6,792.75",0.00,0.00,"4,948.25",0.00,700.00,0.00,0.00,"20,002.05"
2023-08-01,"20,002.05","6,062.25",478.75,0.00,"6,541.00",0.00,0.00,"11,208.50",0.00,346.00,0.00,0.00,"14,509.80"
2023-08-02,"14,509.80","5,459.75",787.75,0.00,"6,247.50",0.00,0.00,"2,762.25",0.00,"1,065.00",0.00,0.00,"16,142.30"
2023-08-03,"16,142.30","6,390.50",661.50,0.00,"7,052.00",0.00,0.00,"4,376.75",0.00,"5,350.00",0.00,0.00,"12,806.05"
2023-08-04,"12,806.05","6,276.50",916.75,0.00,"7,193.25",0.00,0.00,"5,754.00",0.00,25.00,0.00,500.00,"12,803.55"
2023-08-05,"12,803.55","6,510.00",543.00,0.00,"7,053.00",0.00,0.00,"6,706.25",0.00,37.00,0.00,0.00,"12,570.30"
2023-08-06,"12,570.30","5,776.50","1,242.25",0.00,"7,018.75",0.00,0.00,"3,624.75",0.00,"2,442.25",0.00,0.00,"12,279.80"
2023-08-07,"12,279.80","5,776.75",508.75,0.00,"6,285.50",0.00,0.00,"5,516.00",0.00,"2,025.00",0.00,0.00,"10,515.55"
2023-08-08,"10,515.55","6,355.00",655.25,0.00,"7,010.25",0.00,0.00,"4,797.50",0.00,103.00,0.00,0.00,"11,970.05"
2023-08-09,"11,970.05","5,552.25",982.25,0.00,"6,534.50",0.00,0.00,"4,583.50",0.00,"1,725.00",0.00,0.00,"11,213.80"
2023-08-10,"11,213.80","5,963.75",748.00,0.00,"6,711.75",0.00,0.00,"5,695.50",0.00,889.00,0.00,0.00,"10,593.05"
2023-08-11,"10,593.05","5,384.75",733.50,0.00,"6,118.25",0.00,0.00,"3,315.25",0.00,245.00,0.00,0.00,"12,417.55"
2023-08-12,"12,417.55","5,978.75",733.00,0.00,"6,711.75",0.00,0.00,"5,457.75",0.00,37.00,0.00,"2,000.00","10,901.55"
2023-08-13,"10,901.55","6,397.00",709.00,0.00,"7,106.00",0.00,0.00,"2,979.50",0.00,725.00,0.00,"2,000.00","11,594.05"
2023-08-14,"11,594.05","6,310.75",800.75,0.00,"7,111.50",0.00,0.00,"3,997.75",0.00,"1,167.00",0.00,"1,300.00","11,440.05"
2023-08-15,"11,440.05","6,334.00",668.50,0.00,"7,002.50",0.00,0.00,"2,904.50",0.00,"1,035.00",0.00,"1,250.00","12,584.55"
2023-08-16,"12,584.55","5,694.25",918.50,0.00,"6,612.75",0.00,0.00,"5,553.00",0.00,672.00,0.00,"1,000.00","11,053.80"
2023-08-17,"11,053.80","5,813.50",873.25,0.00,"6,686.75",0.00,0.00,"4,523.00",0.00,535.00,0.00,0.00,"11,809.30"
2023-08-18,"11,809.30","5,643.75",769.25,0.00,"6,413.00",0.00,0.00,"3,561.00",0.00,"1,159.00",0.00,"1,500.00","11,233.05"
2023-08-19,"11,233.05","6,414.00",734.50,0.00,"7,148.50",0.00,0.00,"2,318.00",0.00,25.00,0.00,0.00,"15,304.05"
2023-08-20,"15,304.05","5,683.50",914.75,0.00,"6,598.25",0.00,0.00,"8,170.25",0.00,25.00,0.00,0.00,"12,792.30"
2023-08-21,"12,792.30","5,505.25","1,006.75",0.00,"6,512.00",0.00,0.00,"4,538.75",0.00,37.00,0.00,0.00,"13,721.80"
2023-08-22,"13,721.80","6,050.50",624.00,0.00,"6,674.50",0.00,0.00,"6,376.25",0.00,25.00,0.00,0.00,"13,371.05"
2023-08-23,"13,371.05","6,234.00",775.50,0.00,"7,009.50",0.00,0.00,"7,143.50",0.00,37.00,0.00,0.00,"12,424.55"
2023-08-24,"12,424.55","6,072.00",528.25,0.00,"6,600.25",0.00,0.00,"5,116.75",0.00,25.00,0.00,0.00,"13,354.80"
2023-08-25,"13,354.80","5,723.25",907.50,0.00,"6,630.75",0.00,0.00,"3,103.00",0.00,647.00,0.00,0.00,"15,328.05"
2023-08-26,"15,328.05","6,176.25",865.75,0.00,"7,042.00",0.00,0.00,"8,689.25",0.00,25.00,0.00,0.00,"12,790.05"
2023-08-27,"12,790.05","7,280.50",783.50,0.00,"8,064.00",0.00,0.00,"8,178.75",0.00,537.00,0.00,0.00,"11,354.80"
2023-08-28,"11,354.80","6,306.25",706.25,0.00,"7,012.50",0.00,0.00,"7,446.75",0.00,75.00,0.00,0.00,"10,139.30"
2023-08-29,"10,139.30","6,742.50",790.25,0.00,"7,532.75",0.00,0.00,"2,943.25",0.00,"2,105.00",0.00,0.00,"11,833.55"
2023-08-30,"11,833.55","6,390.00",786.50,0.00,"7,176.50",0.00,0.00,"3,978.00",0.00,"1,263.00",0.00,0.00,"12,982.55"
2023-08-31,"12,982.55","7,754.25",371.50,0.00,"8,125.75",0.00,0.00,"6,638.25",0.00,"1,385.00",0.00,0.00,"12,713.55"
2023-09-01,"12,713.55","7,287.75",822.25,0.00,"8,110.00",0.00,0.00,"6,091.75",0.00,167.00,0.00,0.00,"13,742.55"
2023-09-02,"13,742.55","7,328.00",971.75,0.00,"8,299.75",0.00,0.00,"6,861.75",0.00,284.00,0.00,0.00,"13,924.80"
2023-09-03,"13,924.80","7,297.50",940.75,0.00,"8,238.25",0.00,0.00,"4,690.75",0.00,"4,160.00",0.00,0.00,"12,371.55"
2023-09-04,"12,371.55","6,627.50",873.25,0.00,"7,500.75",0.00,0.00,"3,596.75",0.00,45.00,0.00,0.00,"15,357.30"
2023-09-05,"15,357.30","6,396.25","1,129.25",0.00,"7,525.50",0.00,0.00,"5,295.00",921.00,"3,945.00",0.00,0.00,"11,592.55"
2023-09-06,"11,592.55","7,579.00",827.00,0.00,"8,406.00",0.00,0.00,"5,614.00",836.00,140.00,0.00,0.00,"12,581.55"
2023-09-07,"12,581.55","8,102.25",893.50,0.00,"8,995.75",0.00,0.00,"5,442.50","1,472.00",25.00,0.00,0.00,"13,744.30"
2023-09-08,"13,744.30","7,035.25",485.75,0.00,"7,521.00",0.00,0.00,"4,829.00",0.00,"6,987.00",0.00,0.00,"8,963.55"
2023-09-09,"8,963.55","6,900.75",939.75,0.00,"7,840.50",0.00,0.00,"5,007.75",0.00,"1,693.25",0.00,0.00,"9,163.30"
2023-09-10,"9,163.30","6,531.00",840.50,0.00,"7,371.50",0.00,0.00,"2,959.50",397.00,"1,065.00",0.00,0.00,"11,272.80"
2023-09-11,"11,272.80","7,070.75",960.50,0.00,"8,031.25",0.00,0.00,"5,157.75","1,910.00",725.00,0.00,0.00,"10,550.80"
2023-09-12,"10,550.80","6,683.25",885.25,0.00,"7,568.50",0.00,0.00,"6,232.50","1,179.00",265.00,0.00,0.00,"9,557.55"
2023-09-13,"9,557.55","6,337.50",902.50,0.00,"7,240.00",0.00,0.00,"4,041.00",893.00,40.00,0.00,0.00,"10,921.05"
2023-09-14,"10,921.05","7,178.75",980.00,0.00,"8,158.75",0.00,0.00,"5,550.00",0.00,"1,085.00",0.00,0.00,"11,464.80"
2023-09-15,"11,464.80","6,707.25",801.50,0.00,"7,508.75",0.00,0.00,"3,453.00",727.00,"1,880.00",0.00,0.00,"12,112.05"
2023-09-16,"12,112.05","6,932.75",863.75,0.00,"7,796.50",0.00,0.00,"6,922.75",0.00,"1,357.00",0.00,0.00,"10,765.05"
2023-09-17,"10,765.05","6,924.25",842.00,0.00,"7,766.25",0.00,0.00,"2,132.75",0.00,"2,045.00",0.00,0.00,"13,511.55"
2023-09-18,"13,511.55","7,120.25",898.50,0.00,"8,018.75",0.00,0.00,"5,441.00","3,634.00",140.00,0.00,0.00,"11,416.80"
2023-09-19,"11,416.80","6,638.25",881.75,0.00,"7,520.00",0.00,0.00,"4,411.75","1,640.00",525.00,0.00,0.00,"11,478.30"
2023-09-20,"11,478.30","6,423.00","1,601.00",0.00,"8,024.00",0.00,0.00,"5,453.50",804.00,428.00,0.00,0.00,"11,215.80"
2023-09-21,"11,215.80","6,442.50","1,233.50",0.00,"7,676.00",0.00,0.00,"4,806.25",0.00,"1,005.00",0.00,0.00,"11,847.05"
2023-09-22,"11,847.05","6,965.25",788.50,0.00,"7,753.75",0.00,0.00,"5,478.25","1,404.00",607.00,0.00,0.00,"11,323.05"
2023-09-23,"11,323.05","6,605.00",691.00,0.00,"7,296.00",0.00,0.00,"5,261.25",0.00,"1,632.00",0.00,0.00,"11,034.80"
2023-09-24,"11,034.80","7,277.25","1,254.00",0.00,"8,531.25",0.00,0.00,"5,469.00",0.00,25.00,0.00,0.00,"12,818.05"
2023-09-25,"12,818.05","6,605.25","1,042.25",0.00,"7,647.50",0.00,0.00,"4,991.75","2,240.00",125.00,0.00,0.00,"12,066.55"
2023-09-26,"12,066.55","7,134.50",880.25,0.00,"8,014.75",0.00,0.00,"5,685.00",338.00,40.00,0.00,0.00,"13,138.05"
2023-09-27,"13,138.05","6,328.25","1,221.00",0.00,"7,549.25",0.00,0.00,"5,508.75",500.00,293.00,0.00,0.00,"13,164.55"
2023-09-28,"13,164.55","6,644.25",826.50,0.00,"7,470.75",0.00,0.00,"3,871.00","4,279.00",106.00,0.00,0.00,"11,552.80"
2023-09-29,"11,552.80","6,717.00","1,610.50",0.00,"8,327.50",0.00,0.00,"6,186.75",0.00,"1,155.00",0.00,0.00,"10,928.05"
2023-09-30,"10,928.05","6,710.00",820.00,0.00,"7,530.00",0.00,0.00,"6,695.50","1,565.00",25.00,0.00,250.00,"9,102.55"
2023-10-01,"9,102.55","8,254.25",782.00,0.00,"9,036.25",0.00,0.00,"2,223.25",456.00,25.00,0.00,0.00,"14,652.55"
2023-10-02,"14,652.55","7,220.50",802.25,0.00,"8,022.75",0.00,0.00,"9,103.50",449.00,830.00,0.00,0.00,"11,490.55"
2023-10-03,"11,490.55","6,453.00",827.25,0.00,"7,280.25",0.00,0.00,"3,802.25","1,529.00",417.00,0.00,0.00,"12,195.30"
2023-10-04,"12,195.30","7,198.50",852.75,0.00,"8,051.25",0.00,0.00,"4,267.25","1,846.00",25.00,0.00,250.00,"13,005.55"
2023-10-05,"13,005.55","7,306.00",707.00,0.00,"8,013.00",0.00,0.00,"4,422.50",0.00,232.00,0.00,0.00,"15,657.05"
2023-10-06,"15,657.05","6,148.50","1,073.00",0.00,"7,221.50",0.00,0.00,"5,173.25",672.00,"3,175.00",0.00,300.00,"12,485.30"
2023-10-07,"12,485.30","7,527.25","1,046.00",0.00,"8,573.25",0.00,0.00,"9,835.75",673.00,"1,425.00",0.00,0.00,"8,078.80"
2023-10-08,"8,078.80","7,186.00",848.25,0.00,"8,034.25",0.00,0.00,"2,149.50",0.00,"2,216.00",0.00,0.00,"10,899.30"
2023-10-09,"10,899.30","5,988.25","1,185.25",0.00,"7,173.50",0.00,0.00,"6,315.25",541.00,525.00,0.00,0.00,"9,506.30"
2023-10-10,"9,506.30","7,491.75",974.00,0.00,"8,465.75",0.00,0.00,"4,864.00",393.00,"1,045.00",0.00,0.00,"10,696.05"
2023-10-11,"10,696.05","6,483.00",719.25,0.00,"7,202.25",0.00,0.00,"4,801.25",0.00,"1,725.00",0.00,0.00,"10,652.80"
2023-10-12,"10,652.80","6,239.00","1,459.75",0.00,"7,698.75",0.00,0.00,"4,747.00",425.00,337.00,0.00,0.00,"11,382.80"
2023-10-13,"11,382.80","6,934.75","1,086.50",0.00,"8,021.25",0.00,0.00,"4,589.25","3,750.00",37.00,0.00,0.00,"9,941.30"
2023-10-14,"9,941.30","7,034.25",989.25,0.00,"8,023.50",0.00,0.00,"5,342.00",0.00,25.00,0.00,0.00,"11,608.55"
2023-10-15,"11,608.55","6,939.25",913.75,0.00,"7,853.00",0.00,0.00,"2,955.25","3,087.00",25.00,0.00,0.00,"12,480.55"
2023-10-16,"12,480.55","6,548.25",971.25,0.00,"7,519.50",0.00,0.00,"4,610.25",610.00,93.00,0.00,0.00,"13,715.55"
2023-10-17,"13,715.55","6,394.50",961.00,0.00,"7,355.50",0.00,0.00,"4,109.50","1,533.00",25.00,0.00,0.00,"14,442.55"
2023-10-18,"14,442.55","6,164.75","1,193.50",0.00,"7,358.25",0.00,0.00,"5,259.25",0.00,"2,164.00",0.00,0.00,"13,184.05"
2023-10-19,"13,184.05","8,203.50","1,032.75",0.00,"9,236.25",0.00,0.00,"5,846.75","2,500.00",489.00,0.00,0.00,"12,551.80"
2023-10-20,"12,551.80","6,798.50","1,221.00",0.00,"8,019.50",0.00,0.00,"10,087.00","1,102.00",390.00,0.00,0.00,"7,771.30"
2023-10-21,"7,771.30","6,833.50",682.00,0.00,"7,515.50",0.00,0.00,"4,132.75",0.00,440.00,0.00,0.00,"10,032.05"
2023-10-22,"10,032.05","6,419.50","1,320.00",0.00,"7,739.50",0.00,0.00,"1,984.25",0.00,890.00,0.00,0.00,"13,577.30"
2023-10-23,"13,577.30","7,606.00",838.25,0.00,"8,444.25",0.00,0.00,"7,771.50",0.00,725.00,0.00,0.00,"12,686.80"
2023-10-24,"12,686.80","6,775.75",725.00,0.00,"7,500.75",0.00,0.00,"5,866.50",0.00,345.00,0.00,0.00,"13,251.05"
2023-10-25,"13,251.05","6,778.00","1,018.00",0.00,"7,796.00",0.00,0.00,"6,801.00",0.00,"2,374.50",0.00,0.00,"10,853.55"
2023-10-26,"10,853.55","7,468.50","1,068.50",0.00,"8,537.00",0.00,0.00,"4,914.75",0.00,"1,195.00",0.00,0.00,"12,212.30"
2023-10-27,"12,212.30","6,694.50",736.00,0.00,"7,430.50",0.00,0.00,"2,270.50","2,148.50","1,425.00",0.00,0.00,"13,062.80"
2023-10-28,"13,062.80","6,732.50",803.00,0.00,"7,535.50",0.00,0.00,"3,634.25",0.00,"4,694.00",0.00,0.00,"11,467.05"
2023-10-29,"11,467.05","7,209.75",963.25,0.00,"8,173.00",0.00,0.00,"5,438.00",0.00,"1,345.00",0.00,0.00,"11,893.80"
2023-10-30,"11,893.80","6,734.25",985.75,0.00,"7,720.00",0.00,0.00,"7,139.00",0.00,788.00,0.00,0.00,"10,701.05"
2023-10-31,"10,701.05","7,654.75","1,576.25",0.00,"9,231.00",0.00,0.00,"7,176.00",0.00,25.00,0.00,0.00,"11,154.80"
2023-11-01,"11,154.80","8,072.75","1,254.50",0.00,"9,327.25",0.00,0.00,"5,084.75",0.00,"1,100.00",0.00,0.00,"13,042.80"
2023-11-02,"13,042.80","7,848.00","1,173.75",0.00,"9,021.75",0.00,0.00,"5,607.75",0.00,967.00,0.00,0.00,"14,316.05"
2023-11-03,"14,316.05","7,056.00",830.75,0.00,"7,886.75",0.00,0.00,"8,271.00",0.00,325.00,0.00,0.00,"12,776.05"
2023-11-04,"12,776.05","6,688.25","1,576.00",0.00,"8,264.25",0.00,0.00,"11,906.75",0.00,125.00,0.00,0.00,"7,432.55"
2023-11-05,"7,432.55","6,604.00","1,545.75",0.00,"8,149.75",0.00,0.00,"3,497.75",0.00,545.00,0.00,0.00,"9,993.80"
2023-11-06,"9,993.80","6,803.50","1,259.00",0.00,"8,062.50",0.00,0.00,"5,751.00",0.00,475.00,0.00,0.00,"10,571.30"
2023-11-07,"10,571.30","6,403.75","1,657.00",0.00,"8,060.75",0.00,0.00,"5,457.75",0.00,175.00,0.00,0.00,"11,342.30"
2023-11-08,"11,342.30","6,373.00","1,702.25",0.00,"8,075.25",0.00,0.00,"2,746.75","3,014.00",442.00,0.00,0.00,"11,512.55"
2023-11-09,"11,512.55","7,078.25",976.50,0.00,"8,054.75",0.00,0.00,"3,886.50","1,883.00","1,475.00",0.00,0.00,"11,346.30"
2023-11-10,"11,346.30","6,591.50",698.50,0.00,"7,290.00",0.00,0.00,"4,383.00",0.00,"2,864.00",0.00,0.00,"10,690.80"
2023-11-11,"10,690.80","6,932.75",725.00,0.00,"7,657.75",0.00,0.00,"3,479.25",250.00,25.00,0.00,0.00,"13,869.30"
2023-11-12,"13,869.30","6,930.25","2,080.75",0.00,"9,011.00",0.00,0.00,"4,208.75","1,359.00",359.00,0.00,0.00,"14,872.80"
2023-11-13,"14,872.80","6,352.50","1,151.25",0.00,"7,503.75",0.00,0.00,"8,110.75",0.00,775.00,0.00,0.00,"12,339.55"
2023-11-14,"12,339.55","6,992.00","1,052.75",0.00,"8,044.75",0.00,0.00,"6,620.00",0.00,675.00,0.00,0.00,"12,036.55"
2023-11-15,"12,036.55","7,173.75",920.00,0.00,"8,093.75",0.00,0.00,"2,893.50",0.00,987.00,0.00,0.00,"15,329.80"
2023-11-16,"15,329.80","6,646.00","1,235.00",0.00,"7,881.00",0.00,0.00,"4,440.75",0.00,"1,005.00",0.00,0.00,"16,530.05"
2023-11-17,"16,530.05","6,075.75","1,130.25",0.00,"7,206.00",0.00,0.00,"5,317.00",0.00,"2,210.25",0.00,0.00,"15,078.55"
2023-11-18,"15,078.55","7,605.75",947.50,0.00,"8,553.25",0.00,0.00,"4,756.25",0.00,"1,775.00",0.00,0.00,"16,153.05"
2023-11-19,"16,153.05","6,658.75","1,090.50",0.00,"7,749.25",0.00,0.00,"2,323.00",0.00,"1,625.00",0.00,0.00,"18,863.80"
2023-11-20,"18,863.80","7,142.25","1,373.50",0.00,"8,515.75",0.00,0.00,"8,175.00",0.00,410.00,0.00,0.00,"17,421.05"
2023-11-21,"17,421.05","5,915.75",763.25,0.00,"6,679.00",0.00,0.00,"8,269.25",0.00,215.00,0.00,0.00,"14,852.55"
2023-11-22,"14,852.55","6,409.50","1,095.25",0.00,"7,504.75",0.00,0.00,"5,433.75",565.25,335.00,0.00,0.00,"14,928.05"
2023-11-23,"14,928.05","7,072.00","1,132.50",0.00,"8,204.50",0.00,0.00,"4,512.25",0.00,"1,925.00",0.00,0.00,"15,562.80"
2023-11-24,"15,562.80","6,013.50","1,082.50",0.00,"7,096.00",0.00,0.00,"3,341.00",261.50,235.00,0.00,0.00,"17,738.80"
2023-11-25,"17,738.80","7,454.75","1,077.25",0.00,"8,532.00",0.00,0.00,"6,637.00",314.00,"1,442.00",0.00,0.00,"16,800.55"
2023-11-26,"16,800.55","10,595.25","2,087.50",0.00,"12,682.75",0.00,0.00,"6,588.00",0.00,85.00,0.00,0.00,"20,722.80"
2023-11-27,"20,722.80","5,728.75",921.75,0.00,"6,650.50",0.00,0.00,"5,928.75",0.00,"1,575.00",0.00,0.00,"18,947.80"
2023-11-28,"18,947.80","6,457.50","1,141.25",0.00,"7,598.75",0.00,0.00,"6,114.50",0.00,"1,075.00",0.00,0.00,"18,215.80"
2023-11-29,"18,215.80","6,640.00",963.00,0.00,"7,603.00",0.00,0.00,"3,009.00",0.00,525.00,0.00,0.00,"21,321.80"
2023-11-30,"21,321.80","6,318.75","1,318.00",0.00,"7,636.75",0.00,0.00,"3,924.50","3,458.00","2,150.00",0.00,0.00,"18,108.05"
2023-12-01,"18,108.05","7,265.75","1,264.50",0.00,"8,530.25",0.00,0.00,"3,536.50",0.00,875.00,0.00,0.00,"20,962.30"
2023-12-02,"20,962.30","7,683.50","1,543.75",0.00,"9,227.25",0.00,0.00,"9,769.50",0.00,"5,672.00",0.00,0.00,"13,204.30"
2023-12-03,"13,204.30","8,379.75","1,629.75",0.00,"10,009.50",0.00,0.00,"4,375.00",0.00,"1,320.00",0.00,0.00,"15,889.05"
2023-12-04,"15,889.05","7,489.50","1,007.50",0.00,"8,497.00",0.00,0.00,"3,963.75",400.00,"1,525.00",0.00,0.00,"17,489.80"
2023-12-05,"17,489.80","7,222.25","1,247.50",0.00,"8,469.75",0.00,0.00,"8,866.00","1,222.00","4,775.00",0.00,0.00,"9,849.05"
2023-12-06,"9,849.05","7,260.75","1,126.25",0.00,"8,387.00",0.00,0.00,"6,983.50",0.00,225.00,0.00,0.00,"9,901.30"
2023-12-07,"9,901.30","6,599.75","1,510.00",0.00,"8,109.75",0.00,0.00,"4,287.75",0.00,455.00,0.00,0.00,"11,758.30"
2023-12-08,"11,758.30","7,059.25","1,065.75",0.00,"8,125.00",0.00,0.00,"3,936.25",0.00,"1,910.00",0.00,0.00,"12,971.30"
2023-12-09,"12,971.30","6,591.75","1,209.25",0.00,"7,801.00",0.00,0.00,"4,038.00","3,085.00",75.00,0.00,0.00,"12,365.05"
2023-12-10,"12,365.05","6,199.00","1,230.25",0.00,"7,429.25",0.00,0.00,"4,797.75",0.00,525.00,0.00,0.00,"13,241.30"
2023-12-11,"13,241.30","6,527.75",902.00,0.00,"7,429.75",0.00,0.00,"8,411.00",0.00,"1,344.00",0.00,0.00,"10,014.05"
2023-12-12,"10,014.05","6,489.25","1,279.75",0.00,"7,769.00",0.00,0.00,"3,604.38",783.62,"2,325.00",0.00,0.00,"9,790.30"
2023-12-13,"9,790.30","6,625.75","1,209.25",0.00,"7,835.00",0.00,0.00,"4,905.75",0.00,25.00,0.00,0.00,"11,485.30"
2023-12-14,"11,485.30","6,367.00",851.75,0.00,"7,218.75",0.00,0.00,"5,275.75",0.00,445.00,0.00,0.00,"12,131.55"
2023-12-15,"12,131.55","6,003.00","1,627.25",0.00,"7,630.25",0.00,0.00,"6,898.00",0.00,175.00,0.00,0.00,"11,061.55"
2023-12-16,"11,061.55","6,775.00","1,406.50",0.00,"8,181.50",0.00,0.00,"7,224.25",0.00,25.00,0.00,0.00,"10,587.30"
2023-12-17,"10,587.30","6,001.50","1,386.00",0.00,"7,387.50",0.00,0.00,"4,258.50",0.00,525.00,0.00,0.00,"11,805.30"
2023-12-18,"11,805.30","6,361.00","1,266.25",0.00,"7,627.25",0.00,0.00,"3,552.25",0.00,525.00,0.00,0.00,"14,089.05"
2023-12-19,"14,089.05","6,617.50","1,177.00",0.00,"7,794.50",0.00,0.00,"5,703.09","1,063.91",460.00,0.00,0.00,"13,479.55"
2023-12-20,"13,479.55","9,480.50","1,140.25",0.00,"10,620.75",0.00,0.00,"11,124.25",0.00,125.00,0.00,250.00,"11,460.80"
2023-12-21,"11,460.80","6,422.50","1,193.75",0.00,"7,616.25",0.00,0.00,"5,723.00",0.00,"1,575.00",0.00,0.00,"10,585.30"
2023-12-22,"10,585.30","6,111.00","1,255.25",0.00,"7,366.25",0.00,0.00,"4,910.75",0.00,425.00,0.00,0.00,"11,360.55"
2023-12-23,"11,360.55","6,613.25","1,125.75",0.00,"7,739.00",0.00,0.00,"5,834.75",0.00,"1,625.00",0.00,0.00,"10,514.05"
2023-12-24,"10,514.05","7,209.50","1,219.25",0.00,"8,428.75",0.00,0.00,"1,696.00",0.00,283.75,0.00,300.00,"15,443.80"
2023-12-25,"15,443.80","6,741.25",946.25,0.00,"7,687.50",0.00,0.00,"9,877.00",0.00,"2,005.00",0.00,0.00,"10,303.05"
2023-12-26,"10,303.05","6,497.50","1,533.25",0.00,"8,030.75",0.00,0.00,"9,088.50",0.00,"2,075.00",0.00,0.00,"5,637.05"
2023-12-27,"5,637.05","7,313.25","1,148.50",0.00,"8,461.75",0.00,0.00,"3,316.75",0.00,"2,262.00",0.00,0.00,"7,371.55"
2023-12-28,"7,371.55","7,106.50","1,174.25",0.00,"8,280.75",0.00,0.00,"6,087.50",0.00,625.00,0.00,0.00,"7,765.55"
2023-12-29,"7,765.55","6,365.50","1,327.75",0.00,"7,693.25",0.00,0.00,"3,349.50","2,396.00",325.00,0.00,0.00,"8,060.55"
2023-12-30,"8,060.55","7,274.50","1,173.75",0.00,"8,448.25",0.00,0.00,"7,817.00",0.00,25.00,0.00,0.00,"7,493.05"
2023-12-31,"7,493.05","8,759.00","1,458.25",0.00,"10,217.25",0.00,0.00,"5,321.25",0.00,25.00,0.00,0.00,"10,905.80"
2024-01-01,"10,905.80","7,890.00","1,613.50",0.00,"9,503.50",0.00,0.00,"3,313.00",0.00,525.00,0.00,"1,000.00","13,957.80"
2024-01-02,"13,957.80","7,286.75","1,288.00",0.00,"8,574.75",0.00,0.00,"12,529.50",0.00,895.00,0.00,0.00,"7,820.05"
2024-01-03,"7,820.05","6,954.75","1,531.25",0.00,"8,486.00",0.00,0.00,"6,824.75",0.00,"2,225.00",0.00,300.00,"5,425.05"
2024-01-04,"5,425.05","6,873.50","1,209.50",0.00,"8,083.00",0.00,0.00,"2,709.00",0.00,475.00,0.00,0.00,"9,114.55"
2024-01-05,"9,114.55","6,652.50","1,131.25",0.00,"7,783.75",0.00,0.00,"10,586.95","1,250.55","2,225.00",0.00,0.00,"1,704.55"
2024-01-06,"1,704.55","6,357.75","1,143.00",0.00,"7,500.75",0.00,0.00,"2,985.00",0.00,25.00,0.00,0.00,"5,052.30"
2024-01-07,"5,052.30","7,117.25","1,471.00",0.00,"8,588.25",0.00,0.00,"2,801.50",0.00,125.00,0.00,0.00,"9,243.05"
2024-01-08,"9,243.05","7,252.50","1,455.75",0.00,"8,708.25",0.00,0.00,"11,972.00",0.00,25.00,0.00,200.00,"4,298.55"
2024-01-09,"4,298.55","6,872.25","1,602.25",0.00,"8,474.50",0.00,0.00,"6,867.75",0.00,"1,105.00",0.00,0.00,"3,198.05"
2024-01-10,"3,198.05","7,117.25","1,297.00",0.00,"8,414.25",0.00,0.00,"2,785.75","2,192.00","1,525.00",0.00,100.00,"3,712.55"
2024-01-11,"3,712.55","8,065.25","1,229.00",0.00,"9,294.25",0.00,0.00,"8,231.50",0.00,"1,685.00",0.00,0.00,"1,861.30"
2024-01-12,"1,861.30","7,810.00","1,365.00",0.00,"9,175.00",0.00,0.00,"7,449.00",0.00,325.00,0.00,150.00,"1,747.30"
2024-01-13,"1,747.30","6,590.00","1,799.50",0.00,"8,389.50",0.00,0.00,"2,932.00",0.00,"2,420.00",0.00,200.00,"2,785.30"
2024-01-14,"2,785.30","7,543.75","1,570.00",0.00,"9,113.75",0.00,0.00,"6,933.50",0.00,"1,050.00",0.00,0.00,"2,345.55"
2024-01-15,"2,345.55","7,301.05","1,274.00",0.00,"8,575.05",0.00,0.00,"8,455.55",0.00,70.00,0.00,0.00,"1,121.05"
2024-01-16,"1,121.05","7,322.50","1,414.25",0.00,"8,736.75",0.00,0.00,"8,032.00",0.00,25.00,0.00,0.00,386.55
2024-01-17,386.55,"7,141.50",971.00,0.00,"8,112.50",0.00,0.00,"4,022.75",0.00,"1,625.00",0.00,0.00,"1,880.30"
2024-01-18,"1,880.30","7,124.50","1,309.50",0.00,"8,434.00",0.00,0.00,"5,898.50",0.00,775.00,0.00,0.00,"2,331.30"
2024-01-19,"2,331.30","6,645.50","1,209.00",0.00,"7,854.50",0.00,0.00,"6,929.75",0.00,25.00,0.00,0.00,"2,022.05"
2024-01-20,"2,022.05","6,954.50","1,205.50",0.00,"8,160.00",0.00,0.00,"5,491.25",0.00,575.00,0.00,0.00,"2,910.30"
2024-01-21,"2,910.30","6,395.00","2,060.75",0.00,"8,455.75",0.00,0.00,"3,227.00",0.00,325.00,0.00,0.00,"5,753.30"
2024-01-22,"5,753.30","6,720.75","1,057.25",0.00,"7,778.00",0.00,0.00,"4,559.00",0.00,775.00,0.00,0.00,"7,140.05"
2024-01-23,"7,140.05","7,319.50","1,187.00",0.00,"8,506.50",0.00,0.00,"6,633.25",0.00,"1,325.00",0.00,150.00,"6,351.30"
2024-01-24,"6,351.30","6,085.25","1,439.25",0.00,"7,524.50",0.00,0.00,"5,938.00",0.00,245.00,0.00,230.00,"6,023.55"
2024-01-25,"6,023.55","6,333.50","1,648.50",0.00,"7,982.00",0.00,0.00,"8,884.50",0.00,"1,495.00",0.00,0.00,"1,977.55"
2024-01-26,"1,977.55","7,852.00","1,251.50",0.00,"9,103.50",0.00,0.00,"4,642.50",0.00,225.00,0.00,200.00,"4,762.05"
2024-01-27,"4,762.05","7,067.00","1,339.50",0.00,"8,406.50",0.00,0.00,"3,337.75",0.00,95.00,0.00,0.00,"8,396.30"
2024-01-28,"8,396.30","7,472.50","1,870.50",0.00,"9,343.00",0.00,0.00,"9,063.75",0.00,525.00,0.00,0.00,"6,280.05"
2024-01-29,"6,280.05","6,751.75","1,570.00",0.00,"8,321.75",0.00,0.00,"3,530.25",0.00,330.00,0.00,0.00,"9,171.55"
2024-01-30,"9,171.55","6,813.75","1,600.00",0.00,"8,413.75",0.00,0.00,"4,845.50",0.00,335.00,0.00,250.00,"10,554.80"
2024-01-31,"10,554.80","8,045.25","1,879.25",0.00,"9,924.50",0.00,0.00,"26,164.00",0.00,"16,163.00","30,723.00",250.00,"6,746.05"
2024-02-01,"6,746.05","7,383.75","1,402.50",0.00,"8,786.25",0.00,0.00,"7,097.00",0.00,371.00,0.00,0.00,"6,661.80"
2024-02-02,"6,661.80","8,112.50","1,514.25",0.00,"9,626.75",0.00,0.00,"5,551.75","2,447.00","1,025.00",0.00,200.00,"5,550.55"
2024-02-03,"5,550.55","6,684.25","1,525.50",0.00,"8,209.75",0.00,0.00,"6,037.25",0.00,"2,040.00",0.00,0.00,"4,157.55"
2024-02-04,"4,157.55","8,379.75","1,471.25",0.00,"9,851.00",0.00,0.00,"8,817.00",0.00,"1,325.00",0.00,0.00,"2,395.30"
2024-02-05,"2,395.30","6,659.00","1,966.50",0.00,"8,625.50",0.00,0.00,"4,909.50",0.00,"1,025.00",0.00,200.00,"2,919.80"
2024-02-06,"2,919.80","8,615.00","1,435.25",0.00,"10,050.25",0.00,0.00,"8,258.25",0.00,140.00,0.00,0.00,"3,136.55"
2024-02-07,"3,136.55","7,406.00","1,657.50",0.00,"9,063.50",0.00,0.00,"9,296.50",0.00,25.00,0.00,200.00,"1,021.05"
2024-02-08,"1,021.05","6,717.50","1,331.75",0.00,"8,049.25",0.00,0.00,"5,318.00","1,564.00",225.00,0.00,0.00,631.55
2024-02-09,631.55,"7,442.75",947.00,0.00,"8,389.75",0.00,0.00,"6,754.50",0.00,603.00,0.00,0.00,716.80
2024-02-10,716.80,"6,997.50","1,517.00",0.00,"8,514.50",0.00,0.00,"3,718.50",0.00,325.00,0.00,200.00,"3,470.80"
2024-02-11,"3,470.80","7,565.75","1,360.75",0.00,"8,926.50",0.00,0.00,"1,544.75",0.00,25.00,0.00,0.00,"9,466.80"
2024-02-12,"9,466.80","8,752.00","2,366.00",0.00,"11,118.00",0.00,0.00,"3,059.75",441.00,99.00,0.00,0.00,"14,619.05"
2024-02-13,"14,619.05","9,229.75","1,737.25",0.00,"10,967.00",0.00,0.00,"9,566.75",0.00,425.00,0.00,0.00,"13,857.05"
2024-02-14,"13,857.05","9,389.50","1,556.75",0.00,"10,946.25",0.00,0.00,"12,596.25",0.00,40.00,0.00,0.00,"10,610.30"
2024-02-15,"10,610.30","6,996.75","1,670.25",0.00,"8,667.00",0.00,0.00,"10,087.00",0.00,863.25,0.00,0.00,"6,656.80"
2024-02-16,"6,656.80","7,821.50","1,249.75",0.00,"9,071.25",0.00,0.00,"6,789.00",0.00,175.00,0.00,0.00,"7,514.30"
2024-02-17,"7,514.30","7,203.25","1,869.00",0.00,"9,072.25",0.00,0.00,"4,058.00",0.00,25.00,0.00,0.00,"10,634.55"
2024-02-18,"10,634.55","7,895.25","1,336.75",0.00,"9,232.00",0.00,0.00,"5,396.50",0.00,"1,057.00",0.00,0.00,"12,076.30"
2024-02-19,"12,076.30","6,954.75","1,213.25",0.00,"8,168.00",0.00,0.00,"4,843.25",0.00,"2,141.00",0.00,0.00,"12,046.80"
2024-02-20,"12,046.80","6,714.25","1,549.50",0.00,"8,263.75",0.00,0.00,"3,869.00",0.00,25.00,0.00,0.00,"14,867.05"
2024-02-21,"14,867.05","7,083.50","1,294.00",0.00,"8,377.50",0.00,0.00,"7,954.25",0.00,375.00,0.00,615.00,"13,006.30"
2024-02-22,"13,006.30","9,310.50","1,190.50",0.00,"10,501.00",0.00,0.00,"9,048.50",0.00,345.00,0.00,0.00,"12,923.30"
2024-02-23,"12,923.30","9,592.25","1,410.25",0.00,"11,002.50",0.00,0.00,"11,193.75",0.00,45.00,0.00,250.00,"11,026.80"
2024-02-24,"11,026.80","6,848.50","1,186.50",0.00,"8,035.00",0.00,0.00,"4,191.25",0.00,345.00,0.00,0.00,"13,339.05"
2024-02-25,"13,339.05","8,088.25","2,062.25",0.00,"10,150.50",0.00,0.00,"5,893.00",0.00,550.00,0.00,0.00,"14,984.30"
2024-02-26,"14,984.30","7,760.75","1,535.50",0.00,"9,296.25",0.00,0.00,"5,513.00",0.00,"3,250.00",0.00,300.00,"13,682.05"
2024-02-27,"13,682.05","6,542.25","1,227.00",0.00,"7,769.25",0.00,0.00,"4,423.00",0.00,695.00,0.00,0.00,"15,106.30"
2024-02-28,"15,106.30","6,791.50","1,564.50",0.00,"8,356.00",0.00,0.00,"7,483.50",0.00,396.00,0.00,0.00,"14,018.30"
2024-02-29,"14,018.30","7,192.25","1,472.00",0.00,"8,664.25",0.00,0.00,"16,481.00",0.00,355.00,0.00,0.00,"4,374.55"
2024-03-01,"4,374.55","7,240.50","1,133.50",0.00,"8,374.00",0.00,0.00,"9,283.25",0.00,125.00,0.00,0.00,"2,206.80"
2024-03-02,"2,206.80","7,083.50","1,586.25",0.00,"8,669.75",0.00,0.00,"3,515.50",0.00,172.00,0.00,0.00,"5,602.80"
2024-03-03,"5,602.80","7,896.00","1,679.00",0.00,"9,575.00",0.00,0.00,"5,983.75",0.00,25.00,0.00,0.00,"7,490.05"
2024-03-04,"7,490.05","6,755.75","1,273.50",0.00,"8,029.25",0.00,0.00,"3,869.25",0.00,25.00,0.00,0.00,"10,351.55"
2024-03-05,"10,351.55","6,682.75","1,506.75",0.00,"8,189.50",0.00,0.00,"8,096.50",0.00,25.00,0.00,0.00,"8,912.80"
2024-03-06,"8,912.80","6,935.50","1,244.00",0.00,"8,179.50",0.00,0.00,"5,656.50",0.00,25.00,0.00,0.00,"10,166.80"
2024-03-07,"10,166.80","8,195.00","1,940.50",0.00,"10,135.50",0.00,0.00,"7,758.50",0.00,0.00,0.00,0.00,"10,603.30"
2024-03-08,"10,603.30","7,796.50","2,093.00",0.00,"9,889.50",0.00,0.00,"8,318.75",0.00,0.00,0.00,0.00,"10,081.05"
2024-03-09,"10,081.05","6,600.00","1,880.00",0.00,"8,480.00",0.00,0.00,"5,494.50",0.00,120.00,0.00,0.00,"11,066.55"
2024-03-10,"11,066.55","9,848.00","2,635.00",0.00,"12,483.00",0.00,0.00,"3,196.50",0.00,45.00,0.00,0.00,"17,673.05"
2024-03-11,"17,673.05","11,285.50","1,770.00",0.00,"13,055.50",0.00,0.00,"10,182.00",0.00,153.00,0.00,0.00,"18,623.55"
2024-03-12,"18,623.55","8,610.25","1,549.00",0.00,"10,159.25",0.00,0.00,"15,026.25",0.00,"4,481.00",0.00,0.00,"7,726.55"
2024-03-13,"7,726.55","8,128.25","1,200.00",0.00,"9,328.25",0.00,0.00,"5,585.50",0.00,815.00,0.00,0.00,"9,454.30"
2024-03-14,"9,454.30","8,359.75","1,278.50",0.00,"9,638.25",0.00,0.00,"4,106.25",0.00,"1,525.00",0.00,0.00,"12,182.80"
2024-03-15,"12,182.80","8,504.25","1,630.75",0.00,"10,135.00",0.00,0.00,"2,609.50",0.00,"5,880.00",0.00,0.00,"12,197.55"
2024-03-16,"12,197.55","8,398.00","1,121.75",0.00,"9,519.75",0.00,0.00,"11,067.00",0.00,555.00,0.00,0.00,"8,973.55"
2024-03-17,"8,973.55","8,775.25","1,671.75",0.00,"10,447.00",0.00,0.00,"4,849.50",0.00,"1,895.00",0.00,0.00,"11,004.30"
2024-03-18,"11,004.30","8,247.00","1,359.25",0.00,"9,606.25",0.00,0.00,"7,639.00",0.00,475.00,0.00,0.00,"11,137.30"
2024-03-19,"11,137.30","9,808.50","1,985.50",0.00,"11,794.00",0.00,0.00,"10,201.25",0.00,325.00,0.00,0.00,"10,419.55"
2024-03-20,"10,419.55","8,084.25","1,727.25",0.00,"9,811.50",0.00,0.00,"4,796.75",0.00,225.00,0.00,0.00,"13,482.05"
2024-03-21,"13,482.05","7,929.75","1,748.25",0.00,"9,678.00",0.00,0.00,"9,999.75",0.00,"1,579.00",0.00,0.00,"9,833.05"
2024-03-22,"9,833.05","8,395.00","1,665.00",0.00,"10,060.00",0.00,0.00,"3,067.25",0.00,90.00,0.00,0.00,"15,070.80"
2024-03-23,"15,070.80","9,494.00","1,476.00",0.00,"10,970.00",0.00,0.00,"14,570.50",0.00,325.00,0.00,0.00,"9,669.30"
2024-03-24,"9,669.30","9,103.00","1,875.75",0.00,"10,978.75",0.00,0.00,"2,484.00",0.00,725.00,0.00,0.00,"15,563.30"
2024-03-25,"15,563.30","8,652.00","1,516.26",0.00,"10,168.26",0.00,0.00,"7,096.25",0.00,140.00,0.00,0.00,"16,979.05"
2024-03-26,"16,979.05","7,995.00","2,206.50",0.00,"10,201.50",0.00,0.00,"4,891.50",0.00,"2,565.00",0.00,0.00,"17,517.55"
2024-03-27,"17,517.55","7,762.25","1,492.75",0.00,"9,255.00",0.00,0.00,"9,634.50",0.00,269.00,0.00,0.00,"15,376.30"
2024-03-28,"15,376.30","8,441.50","1,530.25",0.00,"9,971.75",0.00,0.00,"11,592.75",0.00,"1,940.00",0.00,0.00,"10,285.05"
2024-03-29,"10,285.05","9,180.50","2,306.75",0.00,"11,487.25",0.00,0.00,"7,175.75",0.00,25.00,0.00,0.00,"12,264.80"
2024-03-30,"12,264.80","10,473.00","2,482.25",0.00,"12,955.25",0.00,0.00,"5,779.75",0.00,395.00,0.00,0.00,"16,563.05"
2024-03-31,"16,563.05","8,690.25","2,114.50",0.00,"10,804.75",0.00,0.00,"9,030.25",0.00,325.00,0.00,0.00,"15,898.05"
2024-04-01,"15,898.05","8,939.75","1,196.75",0.00,"10,136.50",0.00,0.00,"8,215.75",0.00,340.00,0.00,0.00,"16,282.05"
2024-04-02,"16,282.05","8,689.50","1,507.50",0.00,"10,197.00",0.00,0.00,"17,278.00",0.00,25.00,0.00,0.00,"7,668.55"
2024-04-03,"7,668.55","9,608.50","1,707.00",0.00,"11,315.50",0.00,0.00,"5,067.00",0.00,"1,875.00",0.00,0.00,"10,335.05"
2024-04-04,"10,335.05","8,499.25","1,746.75",0.00,"10,246.00",0.00,0.00,"5,629.75",0.00,"3,404.00",0.00,0.00,"9,800.55"
2024-04-05,"9,800.55","9,470.25","1,723.25",0.00,"11,193.50",0.00,0.00,"8,398.75",0.00,0.00,0.00,0.00,"10,872.05"
2024-04-06,"10,872.05","8,420.25","1,507.00",0.00,"9,927.25",0.00,0.00,"6,627.25",0.00,"2,685.00",0.00,0.00,"9,980.05"
2024-04-07,"9,980.05","8,684.75","1,802.00",0.00,"10,486.75",0.00,0.00,"7,726.00",0.00,25.00,0.00,0.00,"10,913.80"
2024-04-08,"10,913.80","8,776.75","1,851.75",0.00,"10,628.50",0.00,0.00,"7,816.50",0.00,120.00,0.00,0.00,"11,754.05"
2024-04-09,"11,754.05","16,606.75","2,091.75",0.00,"18,698.50",0.00,0.00,"4,282.75",0.00,"3,875.00",0.00,0.00,"20,203.05"
2024-04-10,"20,203.05","8,040.00","1,829.50",0.00,"9,869.50",0.00,0.00,"10,862.25",0.00,"2,125.00",0.00,0.00,"15,255.80"
2024-04-11,"15,255.80","6,900.75","1,379.00",0.00,"8,279.75",0.00,0.00,"4,152.25",0.00,25.00,0.00,0.00,"17,979.30"
2024-04-12,"17,979.30","7,559.00",989.75,0.00,"8,548.75",0.00,0.00,"6,464.50",0.00,25.00,0.00,0.00,"19,048.80"
2024-04-13,"19,048.80","6,748.25","1,215.00",0.00,"7,963.25",0.00,0.00,"3,461.00",0.00,640.00,0.00,0.00,"21,696.05"
2024-04-14,"21,696.05","7,795.50","1,223.00",0.00,"9,018.50",0.00,0.00,"7,853.75",0.00,"2,195.00",0.00,0.00,"19,442.80"
2024-04-15,"19,442.80","7,703.50","1,550.00",0.00,"9,253.50",0.00,0.00,"9,363.50",0.00,450.00,0.00,0.00,"17,332.80"
2024-04-16,"17,332.80","7,006.50","1,537.75",0.00,"8,544.25",0.00,0.00,"6,147.75",0.00,89.00,0.00,0.00,"18,102.55"
2024-04-17,"18,102.55","6,767.75","1,734.50",0.00,"8,502.25",0.00,0.00,"4,987.50",0.00,"2,575.00",0.00,0.00,"17,307.80"
2024-04-18,"17,307.80","7,289.75","1,595.75",0.00,"8,885.50",0.00,0.00,"7,050.75",0.00,170.00,0.00,0.00,"17,376.80"
2024-04-19,"17,376.80","7,103.50","1,288.50",0.00,"8,392.00",0.00,0.00,"8,590.75",0.00,150.00,0.00,0.00,"15,739.55"
2024-04-20,"15,739.55","6,871.00","1,497.00",0.00,"8,368.00",0.00,0.00,"4,941.50",0.00,"2,370.00",0.00,0.00,"15,299.05"
2024-04-21,"15,299.05","7,510.25","1,095.25",0.00,"8,605.50",0.00,0.00,"8,279.50",0.00,125.00,0.00,0.00,"14,404.80"
2024-04-22,"14,404.80","7,215.00","1,521.50",0.00,"8,736.50",0.00,0.00,"4,994.75",0.00,165.00,0.00,0.00,"16,460.05"
2024-04-23,"16,460.05","6,521.00","1,519.00",0.00,"8,040.00",0.00,0.00,"8,854.50",0.00,95.00,0.00,0.00,"14,031.55"
2024-04-24,"14,031.55","7,452.00","1,079.75",0.00,"8,531.75",0.00,0.00,"4,083.25",0.00,"1,075.00",0.00,0.00,"16,325.30"
2024-04-25,"16,325.30","6,810.50","2,026.50",0.00,"8,837.00",0.00,0.00,"6,722.75",0.00,25.00,0.00,0.00,"16,388.05"
2024-04-26,"16,388.05","7,819.75","1,352.25",0.00,"9,172.00",0.00,0.00,"5,846.75",0.00,25.00,0.00,0.00,"18,336.05"
2024-04-27,"18,336.05","9,636.50","1,204.50",0.00,"10,841.00",0.00,0.00,"8,252.25",0.00,"1,725.00",0.00,0.00,"17,995.30"
2024-04-28,"17,995.30","8,337.25","1,465.75",0.00,"9,803.00",0.00,0.00,"4,165.50",0.00,625.00,0.00,0.00,"21,542.05"
2024-04-29,"21,542.05","6,861.50","1,207.00",0.00,"8,068.50",0.00,0.00,"6,535.75",0.00,25.00,0.00,0.00,"21,842.80"
2024-04-30,"21,842.80","7,378.50","1,308.25",0.00,"8,686.75",0.00,0.00,"9,593.25",0.00,"2,325.00",0.00,0.00,"17,303.05"
2024-05-01,"17,303.05","7,132.25","1,213.00",0.00,"8,345.25",0.00,0.00,"12,553.75",0.00,235.00,0.00,0.00,"11,646.55"
2024-05-02,"11,646.55","7,808.75","1,449.75",0.00,"9,258.50",0.00,0.00,"5,982.50",0.00,25.00,0.00,0.00,"13,447.80"
2024-05-03,"13,447.80","6,998.25","1,129.75",0.00,"8,128.00",0.00,0.00,"7,057.75",0.00,25.00,0.00,0.00,"13,363.30"
2024-05-04,"13,363.30","7,691.75","1,314.50",0.00,"9,006.25",0.00,0.00,"3,684.50",0.00,"1,045.00",0.00,0.00,"16,325.55"
2024-05-05,"16,325.55","7,868.50","1,526.00",0.00,"9,394.50",0.00,0.00,"2,428.00",0.00,"1,125.00",0.00,0.00,"20,641.05"
2024-05-06,"20,641.05","7,824.25","1,230.00",0.00,"9,054.25",0.00,0.00,"10,868.00",0.00,955.00,0.00,0.00,"16,642.30"
2024-05-07,"16,642.30","6,465.25","1,715.75",0.00,"8,181.00",0.00,0.00,"6,867.50",0.00,100.00,0.00,0.00,"16,140.05"
2024-05-08,"16,140.05","7,712.75","1,312.25",0.00,"9,025.00",0.00,0.00,"8,029.75",0.00,125.00,0.00,0.00,"15,698.05"
2024-05-09,"15,698.05","6,627.50","1,214.75",0.00,"7,842.25",0.00,0.00,"5,338.50",0.00,25.00,0.00,0.00,"16,962.05"
2024-05-10,"16,962.05","7,621.50","1,356.25",0.00,"8,977.75",0.00,0.00,"5,606.25",0.00,"3,295.00",0.00,0.00,"15,682.30"
2024-05-11,"15,682.30","7,110.50","1,434.75",0.00,"8,545.25",0.00,0.00,"3,118.75",0.00,"1,425.00",0.00,0.00,"18,249.05"
2024-05-12,"18,249.05","7,387.00","1,794.75",0.00,"9,181.75",0.00,0.00,"6,405.25",0.00,575.00,0.00,0.00,"18,655.80"
2024-05-13,"18,655.80","6,615.25","1,550.00",0.00,"8,165.25",0.00,0.00,"8,197.50",0.00,"1,257.00",0.00,0.00,"15,816.55"
2024-05-14,"15,816.55","7,099.25","1,469.00",0.00,"8,568.25",0.00,0.00,"7,005.25",0.00,855.00,0.00,0.00,"15,055.55"
2024-05-15,"15,055.55","6,698.50","1,736.75",0.00,"8,435.25",0.00,0.00,"3,705.00",0.00,930.00,0.00,0.00,"17,119.05"
2024-05-16,"17,119.05","6,976.50","1,564.75",0.00,"8,541.25",0.00,0.00,"7,234.50",0.00,55.00,0.00,0.00,"16,806.05"
2024-05-17,"16,806.05","5,786.50","1,257.00",0.00,"7,043.50",0.00,0.00,"6,870.75",0.00,125.00,0.00,0.00,"15,596.80"
2024-05-18,"15,596.80","6,886.75","1,592.25",0.00,"8,479.00",0.00,0.00,"3,235.25",0.00,40.00,0.00,0.00,"19,208.30"
2024-05-19,"19,208.30","6,718.50","1,461.50",0.00,"8,180.00",0.00,0.00,"3,479.25",0.00,"1,085.00",0.00,0.00,"21,362.55"
2024-05-20,"21,362.55","6,385.75","1,231.50",0.00,"7,617.25",0.00,0.00,"7,870.00",0.00,"2,295.00",0.00,0.00,"17,583.30"
2024-05-21,"17,583.30","6,211.50","1,597.50",0.00,"7,809.00",0.00,0.00,"6,667.50",0.00,220.00,0.00,0.00,"16,907.30"
2024-05-22,"16,907.30","6,850.00","1,266.50",0.00,"8,116.50",0.00,0.00,"5,067.50",0.00,725.00,0.00,0.00,"17,964.80"
2024-05-23,"17,964.80","6,408.50",994.75,0.00,"7,403.25",0.00,0.00,"6,561.00",0.00,25.00,0.00,0.00,"17,787.30"
2024-05-24,"17,787.30","6,375.00","1,580.25",0.00,"7,955.25",0.00,0.00,"7,587.00",0.00,625.00,0.00,0.00,"15,950.30"
2024-05-25,"15,950.30","6,763.50","1,773.50",0.00,"8,537.00",0.00,0.00,"5,078.50",0.00,150.00,0.00,0.00,"17,485.30"
2024-05-26,"17,485.30","7,188.25","1,752.75",0.00,"8,941.00",0.00,0.00,"6,555.50",0.00,"1,375.00",0.00,0.00,"16,743.05"
2024-05-27,"16,743.05","6,342.50","1,990.00",0.00,"8,332.50",0.00,0.00,"7,362.00",0.00,107.00,0.00,0.00,"15,616.55"
2024-05-28,"15,616.55","7,033.25","1,600.50",0.00,"8,633.75",0.00,0.00,"3,346.75",0.00,"1,757.00",0.00,0.00,"17,546.05"
2024-05-29,"17,546.05","6,605.50","2,004.50",0.00,"8,610.00",0.00,0.00,"5,905.00",0.00,75.00,0.00,0.00,"18,171.55"
2024-05-30,"18,171.55","6,180.75","1,755.00",0.00,"7,935.75",0.00,0.00,"7,817.00",0.00,"1,025.00",0.00,0.00,"15,510.30"
2024-05-31,"15,510.30","6,834.50","1,672.00",0.00,"8,506.50",0.00,0.00,"2,349.25",0.00,25.00,0.00,0.00,"19,970.55"
2024-06-01,"19,970.55","6,471.25","1,819.50",0.00,"8,290.75",0.00,0.00,"9,953.75",0.00,75.00,0.00,0.00,"16,413.05"
2024-06-02,"16,413.05","7,550.00","1,948.25",0.00,"9,498.25",0.00,0.00,"2,710.00",0.00,25.00,0.00,0.00,"21,228.05"
2024-06-03,"21,228.05","6,934.00","1,775.75",0.00,"8,709.75",0.00,0.00,"9,270.50",0.00,737.00,0.00,0.00,"18,154.55"
2024-06-04,"18,154.55","6,134.75","1,367.75",0.00,"7,502.50",0.00,0.00,"5,615.00",0.00,25.00,0.00,0.00,"18,649.30"
2024-06-05,"18,649.30","7,044.75","1,976.00",0.00,"9,020.75",0.00,0.00,"9,225.25",0.00,625.00,0.00,400.00,"15,443.80"
2024-06-06,"15,443.80","6,739.50","1,596.25",0.00,"8,335.75",0.00,0.00,"6,931.25",0.00,25.00,0.00,0.00,"15,227.05"
2024-06-07,"15,227.05","5,919.00","1,602.75",0.00,"7,521.75",0.00,0.00,"2,855.50",0.00,"1,325.00",0.00,0.00,"16,965.55"
2024-06-08,"16,965.55","6,422.25","1,606.00",0.00,"8,028.25",0.00,0.00,"10,428.00",0.00,660.00,0.00,0.00,"12,299.80"
2024-06-09,"12,299.80","7,003.50","1,503.25",0.00,"8,506.75",0.00,0.00,"2,827.75",0.00,335.00,0.00,0.00,"16,140.55"
2024-06-10,"16,140.55","5,988.00","1,507.50",0.00,"7,495.50",0.00,0.00,"3,888.50",0.00,525.00,0.00,"2,950.00","14,765.05"
2024-06-11,"14,765.05","6,781.75","1,556.25",0.00,"8,338.00",0.00,0.00,"10,997.25",0.00,775.25,"7,000.00","3,170.00","13,604.30"
2024-06-12,"13,604.30","6,678.50","1,378.75",0.00,"8,057.25",0.00,0.00,"10,731.00",0.00,25.00,0.00,0.00,"9,526.80"
2024-06-13,"9,526.80","7,233.50","1,365.75",0.00,"8,599.25",0.00,0.00,"4,268.00",0.00,"1,875.00",0.00,0.00,"10,617.30"
2024-06-14,"10,617.30","7,314.00","1,547.25",0.00,"8,861.25",0.00,0.00,"5,342.50",0.00,875.00,0.00,0.00,"11,713.80"
2024-06-15,"11,713.80","13,361.25","2,375.25",0.00,"15,736.50",0.00,0.00,"5,481.25",0.00,"2,325.00",0.00,"5,400.00","11,868.80"
2024-06-16,"11,868.80","7,707.00","1,468.00",0.00,"9,175.00",0.00,0.00,"4,087.75",0.00,751.25,0.00,"2,000.00","12,736.80"
2024-06-17,"12,736.80","7,437.00","1,377.75",0.00,"8,814.75",0.00,0.00,"2,960.50",0.00,445.00,0.00,"1,500.00","15,268.30"
2024-06-18,"15,268.30","6,163.50","1,374.00",0.00,"7,537.50",0.00,0.00,"3,574.00",0.00,"17,857.80",0.00,0.00,0.00
2024-06-19,0.00,"6,225.50","1,214.75",189.00,"7,629.25",0.00,0.00,"10,245.50",0.00,85.00,"15,000.00",0.00,"10,895.00"
2024-06-20,"10,895.00","5,589.50","1,834.00","1,476.25","8,899.75",43.50,0.00,"8,322.50",0.00,25.00,"10,000.00","6,240.00","11,940.50"
2024-06-21,"11,940.50","6,471.50","1,232.50",118.00,"7,822.00",0.00,0.00,"2,753.75",0.00,525.00,0.00,"5,640.00","9,493.25"
2024-06-22,"9,493.25","5,449.75","1,366.25","1,338.25","8,154.25",0.00,0.00,"9,602.30",0.00,125.00,"8,700.00","6,480.00","7,435.70"
2024-06-23,"7,435.70","6,068.75","1,052.00","1,052.50","8,173.25",0.00,0.00,"5,034.00",0.00,575.00,0.00,"5,450.00","2,445.45"
2024-06-24,"2,445.45","5,629.50","1,602.75","1,140.75","8,373.00","1,014.00",0.00,"7,530.50",0.00,840.00,"10,000.00","6,360.00","4,358.45"
2024-06-25,"4,358.45","6,167.75","1,190.50",77.25,"7,435.50",0.00,0.00,"8,784.24",0.00,35.00,"8,600.00","6,650.00","3,656.96"
2024-06-26,"3,656.96","5,628.25","1,783.75","1,032.00","8,444.00",0.00,0.00,"4,954.33",0.00,25.00,"2,500.00","6,170.00",635.88
2024-06-27,635.88,"6,256.25","1,388.00",873.00,"8,517.25",0.00,0.00,"6,863.00",0.00,675.00,"9,600.00",0.00,"8,954.13"
2024-06-28,"8,954.13","6,365.00","1,477.00","1,771.00","9,613.00","1,833.25",0.00,"4,146.00",0.00,787.00,0.00,"11,990.00",229.38
2024-06-29,229.38,"5,737.75","1,946.75",991.75,"8,676.25",100.00,0.00,"9,257.25",0.00,125.00,"11,000.00","8,200.00",-515.12
2024-06-30,-515.12,"5,496.25","1,813.75","1,155.00","8,465.00",82.75,0.00,"4,433.19",0.00,"1,025.00",0.00,0.00,-394.31